City_ID,City,Country,Date,Lat,Lng,Max Temp,Humidity,Cloudiness,Wind Speed
0,Arraial Do Cabo,BR,2022-07-20 21:07:14,-22.9661,-42.0278,71.46,88,75,9.22
1,Puerto Ayora,EC,2022-07-20 21:02:42,-0.7393,-90.3518,68.56,99,92,8.01
2,Butaritari,KI,2022-07-20 21:05:19,3.0707,172.7902,81.43,78,61,8.86
3,Punta Arenas,CL,2022-07-20 21:02:31,-53.15,-70.9167,33.91,80,75,24.16
4,Yellowknife,CA,2022-07-20 21:07:19,62.456,-114.3525,67.1,39,89,10.51
5,Mar Del Plata,AR,2022-07-20 21:07:05,-38.0023,-57.5575,61.88,60,20,11.01
6,Auki,SB,2022-07-20 21:07:20,-8.7676,160.7034,79.03,81,100,2.77
7,Saint-Philippe,RE,2022-07-20 21:07:20,-21.3585,55.7679,69.39,80,44,13.82
8,Paita,PE,2022-07-20 21:02:46,-5.0892,-81.1144,67.6,72,26,17.18
9,Henties Bay,NA,2022-07-20 21:07:21,-22.116,14.2845,55.29,85,0,6.78
10,Salalah,OM,2022-07-20 21:07:21,17.0151,54.0924,77.09,94,100,5.75
11,Hilo,US,2022-07-20 21:07:22,19.7297,-155.09,84.27,92,100,5.75
12,Monster,NL,2022-07-20 21:07:22,52.0258,4.175,72.95,70,74,9.22
13,Harper,LR,2022-07-20 21:07:23,4.375,-7.7169,75.42,71,99,8.12
14,Port Alfred,ZA,2022-07-20 21:05:26,-33.5906,26.891,56.17,97,100,1.01
15,Yarmouth,US,2022-07-20 21:07:24,41.7057,-70.2286,92.14,69,0,12.66
16,Mahebourg,MU,2022-07-20 21:07:24,-20.4081,57.7,66.25,73,89,20.58
17,Atuona,PF,2022-07-20 21:07:25,-9.8,-139.0333,77.77,74,9,15.12
18,Pachino,IT,2022-07-20 21:07:25,36.7186,15.0907,79.16,69,0,3.91
19,Houlton,US,2022-07-20 21:07:25,46.1262,-67.8403,82.81,34,0,8.05
20,Buraydah,SA,2022-07-20 21:03:23,26.326,43.975,92.35,9,7,8.55
21,Abja-Paluoja,EE,2022-07-20 21:07:26,58.1253,25.3497,55.98,94,13,5.55
22,Haines Junction,CA,2022-07-20 21:07:26,60.7522,-137.5108,53.1,64,100,8.59
23,Sloboda,RU,2022-07-20 21:07:27,51.1421,40.3021,57.58,96,100,4.97
24,Aitape,PG,2022-07-20 21:07:27,-3.1374,142.3475,75.87,88,100,4.45
25,Victoria,HK,2022-07-20 21:06:34,22.2855,114.1577,86.38,85,21,8.99
26,Bluff,NZ,2022-07-20 21:07:28,-46.6,168.3333,39.79,68,100,7.43
27,Lazurne,UA,2022-07-20 21:07:28,46.084,32.5295,72.16,77,44,16.49
28,Saskylakh,RU,2022-07-20 21:07:29,71.9167,114.0833,39.78,81,64,14.05
29,Busselton,AU,2022-07-20 21:07:15,-33.65,115.3333,55.83,94,100,12.66
30,New Norfolk,AU,2022-07-20 21:07:29,-42.7826,147.0587,34.92,89,5,2.44
31,Pavlodar,KZ,2022-07-20 21:07:30,52.3,76.95,66.0,77,75,17.9
32,Khandyga,RU,2022-07-20 21:03:09,62.6667,135.6,71.1,71,0,2.42
33,Cockburn Town,TC,2022-07-20 21:07:30,21.4612,-71.1419,82.26,77,1,20.07
34,Albany,US,2022-07-20 21:04:06,42.6001,-73.9662,96.24,45,51,3.96
35,Severodvinsk,RU,2022-07-20 21:07:31,64.5635,39.8302,64.51,90,14,5.86
36,Severo-Kurilsk,RU,2022-07-20 21:07:31,50.6789,156.125,52.11,97,98,11.79
37,Berlevag,NO,2022-07-20 21:03:11,70.8578,29.0864,57.0,100,75,4.61
38,Limon,CR,2022-07-20 21:07:32,10.0,-83.0333,84.09,79,0,6.91
39,Port-Gentil,GA,2022-07-20 21:04:09,-0.7193,8.7815,75.16,88,75,8.05
40,Roald,NO,2022-07-20 21:06:33,62.5833,6.1333,60.75,94,75,3.44
41,Jalpan,MX,2022-07-20 21:07:33,21.2333,-99.4833,97.68,27,15,6.35
42,Jumla,NP,2022-07-20 21:07:33,29.2747,82.1838,63.86,97,100,1.81
43,Bambous Virieux,MU,2022-07-20 21:02:53,-20.3428,57.7575,66.22,72,98,20.58
44,Qaanaaq,GL,2022-07-20 21:07:34,77.484,-69.3632,41.09,80,100,3.53
45,Ushuaia,AR,2022-07-20 21:07:34,-54.8,-68.3,31.66,86,100,24.16
46,Kapaa,US,2022-07-20 21:04:35,22.0752,-159.319,82.72,72,20,17.27
47,Tuktoyaktuk,CA,2022-07-20 21:07:35,69.4541,-133.0374,47.3,83,100,12.41
48,Rocha,UY,2022-07-20 21:03:15,-34.4833,-54.3333,55.65,91,2,7.65
49,Mataura,NZ,2022-07-20 21:08:36,-46.1927,168.8643,39.47,91,100,2.48
50,Taloqan,AF,2022-07-20 21:08:37,36.7361,69.5345,82.08,19,0,5.01
51,Borovskoy,KZ,2022-07-20 21:08:37,53.8,64.15,58.87,86,0,7.81
52,Poum,NC,2022-07-20 21:08:38,-20.2333,164.0167,75.81,85,100,7.87
53,Uribia,CO,2022-07-20 21:08:38,11.7139,-72.266,93.31,41,8,15.57
54,Thompson,CA,2022-07-20 21:04:30,55.7435,-97.8558,69.96,56,75,17.27
55,Palmer,US,2022-07-20 21:08:39,42.1584,-72.3287,95.56,46,59,1.99
56,Ambilobe,MG,2022-07-20 21:08:40,-13.2,49.05,69.82,65,15,9.37
57,Faanui,PF,2022-07-20 21:08:40,-16.4833,-151.75,77.7,66,0,10.51
58,Bredasdorp,ZA,2022-07-20 21:08:40,-34.5322,20.0403,45.81,87,1,4.76
59,Grajewo,PL,2022-07-20 21:08:41,53.6473,22.4554,60.64,80,71,3.94
60,Carballo,ES,2022-07-20 21:08:41,43.213,-8.691,67.42,85,47,9.98
61,Hithadhoo,MV,2022-07-20 21:08:42,-0.6,73.0833,80.83,69,100,2.13
62,Tongliao,CN,2022-07-20 21:08:42,43.6125,122.2653,69.85,88,100,2.62
63,Saint George,US,2022-07-20 21:05:14,37.1041,-113.5841,110.62,14,0,11.5
64,San Patricio,US,2022-07-20 21:08:43,28.017,-97.5169,95.09,46,7,21.12
65,Upernavik,GL,2022-07-20 21:08:26,72.7868,-56.1549,47.97,70,82,8.52
66,Hermanus,ZA,2022-07-20 21:05:53,-34.4187,19.2345,42.8,67,1,3.36
67,Nouadhibou,MR,2022-07-20 21:03:50,20.931,-17.0347,68.18,94,25,13.53
68,Vaini,TO,2022-07-20 21:08:43,-21.2,-175.2,74.43,78,7,17.72
69,Pangnirtung,CA,2022-07-20 21:08:44,66.1451,-65.7125,48.6,84,100,2.91
70,Ancud,CL,2022-07-20 21:08:44,-41.8697,-73.8203,40.23,65,82,13.56
71,Dhidhdhoo,MV,2022-07-20 21:08:45,6.8833,73.1,79.95,80,100,19.95
72,Khatanga,RU,2022-07-20 21:07:23,71.9667,102.5,45.45,67,100,20.49
73,Jamestown,US,2022-07-20 21:06:06,42.097,-79.2353,89.19,52,75,18.41
74,Paveh,IR,2022-07-20 21:07:16,35.0434,46.3565,76.66,17,0,3.65
75,Chuy,UY,2022-07-20 21:08:46,-33.6971,-53.4616,56.43,94,0,6.15
76,Inverness,GB,2022-07-20 21:08:46,57.4791,-4.224,60.84,76,20,12.66
77,Trairi,BR,2022-07-20 21:03:48,-3.2778,-39.2689,78.13,72,83,13.82
78,Mount Gambier,AU,2022-07-20 21:08:47,-37.8333,140.7667,39.09,84,2,5.26
79,Lagoa,PT,2022-07-20 21:08:47,39.05,-27.9833,72.05,80,7,3.8
80,Malindi,KE,2022-07-20 21:08:48,-3.2175,40.1191,74.26,79,4,15.82
81,Cape Town,ZA,2022-07-20 21:05:01,-33.9258,18.4232,58.37,70,0,4.92
82,Georgetown,MY,2022-07-20 21:05:42,5.4112,100.3354,80.89,87,20,0.0
83,Nishihara,JP,2022-07-20 21:03:49,26.1842,127.7558,83.48,89,97,9.22
84,Kalabo,ZM,2022-07-20 21:08:48,-14.97,22.6814,60.04,39,2,6.67
85,Changji,CN,2022-07-20 21:08:49,44.0167,87.3167,72.39,37,0,8.95
86,Copiapo,CL,2022-07-20 21:08:49,-27.3667,-70.3333,49.69,58,100,1.12
87,Tazovskiy,RU,2022-07-20 21:08:50,67.4667,78.7,45.37,88,92,11.16
88,Portland,US,2022-07-20 21:07:53,45.5234,-122.6762,91.96,43,20,10.36
89,Cabedelo,BR,2022-07-20 21:07:56,-6.9811,-34.8339,74.07,86,79,10.92
90,Hobart,AU,2022-07-20 21:05:17,-42.8794,147.3294,35.26,94,0,4.61
91,Namibe,AO,2022-07-20 21:08:51,-15.1961,12.1522,62.33,83,1,5.84
92,Qingdao,CN,2022-07-20 21:08:51,36.0986,120.3719,70.14,86,12,5.77
93,Imbituba,BR,2022-07-20 21:08:52,-28.24,-48.6703,65.08,92,0,8.99
94,Verkhnevilyuysk,RU,2022-07-20 21:08:52,63.4453,120.3167,54.46,97,100,3.71
95,Zheleznodorozhnyy,RU,2022-07-20 21:08:53,55.7503,38.0042,59.18,89,99,5.99
96,Lata,PT,2022-07-20 21:05:32,40.1629,-8.3327,62.26,84,0,2.35
97,Cabo San Lucas,MX,2022-07-20 21:09:54,22.8909,-109.9124,97.61,62,80,10.09
98,Raudeberg,NO,2022-07-20 21:09:54,61.9875,5.1352,56.07,95,100,7.76
99,Souillac,MU,2022-07-20 21:07:38,-20.5167,57.5167,67.6,75,67,18.43
100,Aklavik,CA,2022-07-20 21:09:55,68.2191,-135.0107,68.2,45,100,4.29
101,Rikitea,PF,2022-07-20 21:09:55,-23.1203,-134.9692,73.31,75,0,2.71
102,Dikson,RU,2022-07-20 21:05:58,73.5069,80.5464,41.59,73,11,24.58
103,Wenling,CN,2022-07-20 21:09:56,28.3669,121.36,79.07,95,78,8.77
104,Vestmanna,FO,2022-07-20 21:09:56,62.1564,-7.1664,47.32,93,100,18.41
105,Nhulunbuy,AU,2022-07-20 21:09:57,-12.2333,136.7667,63.21,94,28,2.3
106,Paamiut,GL,2022-07-20 21:09:57,61.994,-49.6678,49.98,84,86,16.44
107,Shimoda,JP,2022-07-20 21:09:57,34.6667,138.95,77.11,85,98,6.44
108,Yinchuan,CN,2022-07-20 21:09:58,38.4681,106.2731,72.73,46,35,2.77
109,Olga,RU,2022-07-20 21:09:58,43.7444,135.2892,63.19,90,80,2.37
110,Sawakin,SD,2022-07-20 21:09:59,19.1059,37.3321,90.97,47,100,0.29
111,Darlawn,IN,2022-07-20 21:09:59,24.0167,92.9,68.02,99,98,1.95
112,Camacupa,AO,2022-07-20 21:10:00,-12.0167,17.4833,62.17,36,6,1.9
113,Mount Pleasant,US,2022-07-20 21:09:01,32.7941,-79.8626,79.02,100,0,13.8
114,Constitucion,CL,2022-07-20 21:10:01,-35.3333,-72.4167,55.6,85,6,11.1
115,Port Lincoln,AU,2022-07-20 21:10:01,-34.7333,135.8667,51.42,80,71,10.6
116,Burley,US,2022-07-20 21:10:01,42.5357,-113.7928,91.36,31,0,5.75
117,Gatesville,US,2022-07-20 21:10:02,31.4352,-97.7439,106.3,29,0,13.73
118,Sibolga,ID,2022-07-20 21:10:03,1.7427,98.7792,75.38,87,50,3.67
119,Vila Franca Do Campo,PT,2022-07-20 21:10:03,37.7167,-25.4333,72.01,81,55,1.88
120,Geraldton,AU,2022-07-20 21:10:04,-28.7667,114.6,66.61,94,100,17.27
121,Taltal,CL,2022-07-20 21:10:04,-25.4,-70.4833,58.78,82,100,2.73
122,Tasiilaq,GL,2022-07-20 21:05:52,65.6145,-37.6368,42.96,81,55,0.6
123,Saint John,CA,2022-07-20 21:10:05,45.2727,-66.0677,78.62,51,5,7.36
124,Beringovskiy,RU,2022-07-20 21:10:06,63.05,179.3167,43.02,74,100,17.96
125,Alta Floresta,BR,2022-07-20 21:10:07,-9.8756,-56.0861,89.58,24,0,2.95
126,Kahului,US,2022-07-20 21:07:09,20.8947,-156.47,81.97,61,40,21.85
127,Roanoke Rapids,US,2022-07-20 21:10:07,36.4615,-77.6542,94.19,70,40,8.05
128,Presidencia Roque Saenz Pena,AR,2022-07-20 21:10:08,-26.7852,-60.4388,80.42,49,16,6.71
129,Guerrero Negro,MX,2022-07-20 21:10:08,27.9769,-114.0611,84.29,42,16,14.9
130,Richards Bay,ZA,2022-07-20 21:05:33,-28.783,32.0377,63.16,89,12,6.51
131,Port Hawkesbury,CA,2022-07-20 21:09:53,45.6169,-61.3485,77.92,64,18,15.01
132,Bardejov,SK,2022-07-20 21:09:32,49.2918,21.2727,67.01,65,0,4.45
133,Sao Joao Da Barra,BR,2022-07-20 21:05:25,-21.6403,-41.0511,73.49,86,11,11.32
134,Sungaipenuh,ID,2022-07-20 21:10:09,-2.0833,101.3833,62.38,96,93,1.66
135,Yeniseysk,RU,2022-07-20 21:10:10,58.4497,92.1703,51.03,99,15,4.14
136,Pocosol,CR,2022-07-20 21:10:10,10.3667,-84.6167,78.28,95,100,4.59
137,Kruisfontein,ZA,2022-07-20 21:10:11,-34.0033,24.7314,53.89,91,95,4.05
138,West Bay,KY,2022-07-20 21:10:11,19.3667,-81.4167,89.67,66,20,6.91
139,Wanaka,NZ,2022-07-20 21:10:12,-44.7,169.15,36.1,95,100,1.99
140,Ust-Kuyga,RU,2022-07-20 21:10:12,70.0167,135.6,48.2,63,2,3.71
141,Santa Vitoria Do Palmar,BR,2022-07-20 21:06:20,-33.5189,-53.3681,57.02,94,0,6.35
142,Alice Springs,AU,2022-07-20 21:11:13,-23.7,133.8833,33.35,75,0,0.0
143,Narsaq,GL,2022-07-20 21:11:13,60.9167,-46.05,57.42,82,94,3.15
144,Tessalit,ML,2022-07-20 21:11:14,20.1986,1.0114,75.33,67,99,19.44
145,Banda Aceh,ID,2022-07-20 21:11:14,5.5577,95.3222,80.17,72,100,15.03
146,Torbay,CA,2022-07-20 21:11:15,47.6666,-52.7314,68.4,78,84,5.99
147,Pacific Grove,US,2022-07-20 21:10:00,36.6177,-121.9166,82.24,85,20,11.5
148,Avarua,CK,2022-07-20 21:11:16,-21.2078,-159.775,75.25,69,75,14.97
149,Husavik,IS,2022-07-20 21:09:35,66.0449,-17.3389,45.75,89,100,6.58
150,Esperance,AU,2022-07-20 21:11:07,-33.8667,121.9,61.79,52,100,18.66
151,Lebu,CL,2022-07-20 21:11:17,-37.6167,-73.65,53.04,96,100,11.03
152,Lompoc,US,2022-07-20 21:08:28,34.6391,-120.4579,93.34,63,0,16.11
153,Clyde River,CA,2022-07-20 21:11:18,70.4692,-68.5914,37.83,89,100,1.66
154,Aracruz,BR,2022-07-20 21:11:18,-19.8203,-40.2733,72.61,91,1,3.89
155,Camacha,PT,2022-07-20 21:11:19,33.0833,-16.3333,69.22,73,75,10.36
156,Reforma,MX,2022-07-20 21:11:19,18.1,-91.0167,95.27,40,26,5.88
157,Bosobolo,CD,2022-07-20 21:11:20,4.1833,19.9,71.15,96,96,0.56
158,Bowen,AU,2022-07-20 21:11:20,-20.0167,148.2333,65.34,93,99,10.89
159,Nanortalik,GL,2022-07-20 21:11:22,60.1432,-45.2371,51.3,83,15,14.09
160,Gornoye Loo,RU,2022-07-20 21:11:22,43.7129,39.6049,69.58,84,80,3.15
161,Orocovis,PR,2022-07-20 21:11:23,18.2271,-66.3917,81.61,58,15,10.02
162,Ayia Anna,CY,2022-07-20 21:11:23,34.9399,33.4843,84.25,46,0,10.36
163,Amontada,BR,2022-07-20 21:11:24,-3.3617,-39.8317,81.14,55,90,7.34
164,Itapolis,BR,2022-07-20 21:11:24,-21.5956,-48.8128,78.03,39,6,7.23
165,Port Elizabeth,ZA,2022-07-20 21:11:24,-33.918,25.5701,56.32,95,100,3.0
166,East London,ZA,2022-07-20 21:11:25,-33.0153,27.9116,61.97,83,95,4.54
167,Pianoro,IT,2022-07-20 21:11:26,44.393,11.3423,80.24,51,0,6.91
168,Mahibadhoo,MV,2022-07-20 21:11:26,3.7833,72.9667,79.72,78,100,13.02
169,Isangel,VU,2022-07-20 21:11:27,-19.55,169.2667,80.71,89,40,4.61
170,Port Hedland,AU,2022-07-20 21:10:06,-20.3167,118.5667,53.65,76,0,3.44
171,San Cristobal,VE,2022-07-20 21:11:27,7.7669,-72.225,78.98,61,54,5.86
172,Leningradskiy,RU,2022-07-20 21:11:28,69.3833,178.4167,33.15,98,100,18.77
173,Northam,GB,2022-07-20 21:11:28,51.0333,-4.2167,63.39,77,11,13.44
174,Longyearbyen,SJ,2022-07-20 21:11:14,78.2186,15.6401,49.84,87,75,6.91
175,Russell,US,2022-07-20 21:11:29,32.3502,-85.1999,93.11,52,65,3.98
176,Omboue,GA,2022-07-20 21:11:29,-1.5746,9.2618,71.74,88,74,6.78
177,Jalu,LY,2022-07-20 21:11:30,29.0331,21.5482,81.45,36,0,17.36
178,Chicama,PE,2022-07-20 21:11:30,-7.8447,-79.1469,63.14,60,2,9.13
179,Pampas,PE,2022-07-20 21:11:30,-12.4,-74.9,61.16,31,58,6.96
180,Cherskiy,RU,2022-07-20 21:11:08,68.75,161.3,42.03,64,18,13.0
181,Coihaique,CL,2022-07-20 21:11:31,-45.5752,-72.0662,32.61,93,75,8.05
182,Barrow,US,2022-07-20 21:11:31,71.2906,-156.7887,51.82,62,100,6.91
183,Provideniya,RU,2022-07-20 21:09:42,64.3833,-173.3,46.51,76,75,20.13
184,Canto Do Buriti,BR,2022-07-20 21:11:32,-8.11,-42.9444,82.47,29,11,7.05
185,Hudson Bay,CA,2022-07-20 21:11:33,52.85,-102.3842,70.9,47,64,14.16
186,Banes,CU,2022-07-20 21:11:33,20.9625,-75.7186,85.15,65,75,14.92
187,La Ronge,CA,2022-07-20 21:12:34,55.1001,-105.2842,68.22,60,75,25.32
188,Sembakung,ID,2022-07-20 21:12:34,3.8167,117.25,72.7,99,100,1.99
189,Calama,CL,2022-07-20 21:11:47,-22.4667,-68.9333,72.09,8,20,18.41
190,Gavle,SE,2022-07-20 21:12:35,60.6745,17.1417,71.92,60,76,4.72
191,Airai,TL,2022-07-20 21:12:36,-8.9266,125.4092,56.71,94,88,3.53
192,Anadyr,RU,2022-07-20 21:12:37,64.75,177.4833,45.1,65,20,11.18
193,Kamenka,RU,2022-07-20 21:12:37,51.3223,42.7678,58.21,82,78,7.61
194,Kumhari,IN,2022-07-20 21:12:38,21.2667,81.5167,76.93,88,100,8.19
195,Hasaki,JP,2022-07-20 21:12:38,35.7333,140.8333,75.6,82,99,8.32
196,Dapaong,TG,2022-07-20 21:12:39,10.8639,0.205,79.36,64,71,0.54
197,Comodoro Rivadavia,AR,2022-07-20 21:10:57,-45.8667,-67.5,44.46,33,0,25.32
198,Saldanha,ZA,2022-07-20 21:08:24,-33.0117,17.9442,53.33,63,0,11.25
199,Franca,BR,2022-07-20 21:12:40,-20.5386,-47.4008,70.05,41,0,6.29
200,Ponta Do Sol,PT,2022-07-20 21:12:40,32.6667,-17.1,72.72,78,5,6.98
201,Ostrovnoy,RU,2022-07-20 21:12:40,68.0531,39.5131,47.05,96,23,4.5
202,Bandarbeyla,SO,2022-07-20 21:12:41,9.4942,50.8122,73.98,88,79,27.16
203,Araouane,ML,2022-07-20 21:08:34,18.9048,-3.5265,91.99,38,88,6.53
204,Los Llanos De Aridane,ES,2022-07-20 21:12:42,28.6585,-17.9182,69.55,83,11,16.11
205,Luderitz,NA,2022-07-20 21:12:42,-26.6481,15.1594,56.98,60,3,17.6
206,Mitu,CO,2022-07-20 21:12:43,1.1983,-70.1733,73.2,98,100,2.17
207,Port Macquarie,AU,2022-07-20 21:12:43,-31.4333,152.9167,53.49,94,75,1.14
208,Carnarvon,AU,2022-07-20 21:11:07,-24.8667,113.6333,70.59,79,23,14.63
209,Sorong,ID,2022-07-20 21:12:44,-0.8833,131.25,77.31,90,96,8.48
210,Posse,BR,2022-07-20 21:12:44,-14.0931,-46.3694,75.34,35,5,5.99
211,Padang,ID,2022-07-20 21:07:51,-0.9492,100.3543,75.88,85,54,4.03
212,Sukhumi,GE,2022-07-20 21:12:45,43.0033,41.0153,69.46,87,36,3.38
213,Nikolskoye,RU,2022-07-20 21:12:45,59.7035,30.7861,68.88,65,100,9.51
214,Lavrentiya,RU,2022-07-20 21:12:46,65.5833,-171.0,39.74,96,100,16.64
215,Tandil,AR,2022-07-20 21:12:46,-37.3217,-59.1332,55.69,59,42,8.57
216,Krasnoselkup,RU,2022-07-20 21:12:47,65.7,82.4667,51.13,86,100,2.84
217,Ribeira Grande,PT,2022-07-20 21:12:47,38.5167,-28.7,73.8,83,20,8.05
218,Nanakuli,US,2022-07-20 21:12:48,21.3906,-158.1547,84.15,54,75,12.66
219,Castro,BR,2022-07-20 21:12:48,-24.7911,-50.0119,61.99,83,2,4.27
220,Fairbanks,US,2022-07-20 21:12:48,64.8378,-147.7164,65.61,60,75,8.05
221,Invermere,CA,2022-07-20 21:12:49,50.5167,-116.0354,85.42,25,3,4.68
222,Tamiahua,MX,2022-07-20 21:12:49,21.2667,-97.45,89.19,65,16,18.68
223,Arlit,NE,2022-07-20 21:12:50,18.7369,7.3853,93.02,29,75,6.04
224,Leshukonskoye,RU,2022-07-20 21:12:50,64.8989,45.7622,63.21,66,64,3.15
225,Sitka,US,2022-07-20 21:10:23,57.0531,-135.33,53.49,87,100,5.75
226,Laguna,US,2022-07-20 21:11:09,38.421,-121.4238,102.31,26,0,8.05
227,Chaplygin,RU,2022-07-20 21:12:51,53.2432,39.9629,54.93,98,100,4.76
228,Mundi,IN,2022-07-20 21:12:52,22.0667,76.5,75.99,92,100,11.05
229,Oktyabrskiy,RU,2022-07-20 21:12:52,54.4815,53.471,59.63,77,98,4.21
230,Bubaque,GW,2022-07-20 21:12:52,11.2833,-15.8333,76.68,91,100,16.84
231,Shalya,RU,2022-07-20 21:12:53,57.2471,58.7298,50.99,97,66,4.74
232,Sarkand,KZ,2022-07-20 21:12:53,45.41,79.9186,65.89,22,0,6.93
233,Adre,TD,2022-07-20 21:13:54,13.4667,22.2,74.64,69,100,9.75
234,Kendari,ID,2022-07-20 21:12:48,-3.945,122.4989,74.37,94,23,1.34
235,Jequitinhonha,BR,2022-07-20 21:13:54,-16.4339,-41.0033,73.71,69,85,3.65
236,Talipparamba,IN,2022-07-20 21:13:55,12.05,75.35,76.21,91,94,5.53
237,Eagle Pass,US,2022-07-20 21:13:55,28.7091,-100.4995,107.28,29,0,11.5
238,Sao Filipe,CV,2022-07-20 21:09:35,14.8961,-24.4956,76.57,88,81,5.95
239,Margate,GB,2022-07-20 21:13:56,51.3813,1.3862,71.69,72,30,4.0
240,Tambovka,RU,2022-07-20 21:13:57,50.0969,128.0489,64.18,88,2,4.23
241,Honningsvag,NO,2022-07-20 21:10:48,70.9821,25.9704,49.75,100,78,0.0
242,Guanambi,BR,2022-07-20 21:13:57,-14.2233,-42.7814,73.08,61,8,14.72
243,Awjilah,LY,2022-07-20 21:13:58,29.1081,21.2869,81.14,35,0,16.24
244,Urengoy,RU,2022-07-20 21:13:58,65.9667,78.3667,50.31,72,100,9.06
245,Macklin,CA,2022-07-20 21:13:59,52.3334,-109.9348,71.49,42,0,17.69
246,Ballina,AU,2022-07-20 21:13:59,-28.8667,153.5667,55.02,98,100,16.6
247,Bathsheba,BB,2022-07-20 21:14:00,13.2167,-59.5167,84.81,95,40,16.11
248,Gebze,TR,2022-07-20 21:14:00,40.8028,29.4307,68.05,83,0,6.91
249,Hovd,MN,2022-07-20 21:14:01,48.0056,91.6419,55.2,56,7,3.8
250,Palu,ID,2022-07-20 21:14:02,-0.8917,119.8707,74.66,90,7,3.13
251,Manicore,BR,2022-07-20 21:14:02,-5.8092,-61.3003,92.46,36,62,2.64
252,Nago,JP,2022-07-20 21:14:03,26.5881,127.9761,82.98,89,96,9.75
253,Masty,BY,2022-07-20 21:14:03,53.4122,24.5387,57.22,89,0,5.19
254,Alizai,PK,2022-07-20 21:14:04,33.5383,70.3462,88.05,54,64,6.69
255,Komsomolskiy,UZ,2022-07-20 21:12:43,40.4272,71.7189,79.52,36,0,6.91
256,High Level,CA,2022-07-20 21:14:04,58.5169,-117.136,77.86,24,33,10.94
257,Bam,IR,2022-07-20 21:14:05,29.106,58.357,91.0,10,3,8.03
258,Cairns,AU,2022-07-20 21:14:05,-16.9167,145.7667,69.75,85,100,9.22
259,Shaowu,CN,2022-07-20 21:14:06,27.3409,117.4831,78.03,86,100,1.63
260,Makat,KZ,2022-07-20 21:14:06,47.6469,53.3463,80.01,26,100,14.16
261,Grand Gaube,MU,2022-07-20 21:14:07,-20.0064,57.6608,66.38,75,94,13.0
262,Yatou,CN,2022-07-20 21:10:52,37.15,122.3833,70.47,92,90,5.41
263,Warmbad,NA,2022-07-20 21:14:07,-28.45,18.7333,55.62,43,22,4.21
264,Naze,JP,2022-07-20 21:14:08,28.3667,129.4833,81.16,88,57,16.89
265,Chokurdakh,RU,2022-07-20 21:14:08,70.6333,147.9167,43.5,71,89,9.19
266,Athabasca,CA,2022-07-20 21:14:09,54.7169,-113.2854,74.08,37,12,13.65
267,Zapolyarnyy,RU,2022-07-20 21:14:09,69.4154,30.8136,54.68,91,83,2.06
268,Santa Cruz,BO,2022-07-20 21:14:10,-17.8,-63.1667,85.46,51,7,13.8
269,Kyzyl-Suu,KG,2022-07-20 21:14:10,42.3414,78.0056,59.38,34,0,4.21
270,Antofagasta,CL,2022-07-20 21:10:08,-23.65,-70.4,58.28,77,99,4.07
271,Tautira,PF,2022-07-20 21:14:11,-17.7333,-149.15,76.24,73,0,10.36
272,Simpang,ID,2022-07-20 21:14:12,-1.2667,104.0833,73.71,98,21,2.24
273,Galle,LK,2022-07-20 21:14:12,6.0367,80.217,78.3,86,97,15.66
274,Tiksi,RU,2022-07-20 21:14:13,71.6872,128.8694,38.26,90,86,18.66
275,Ucluelet,CA,2022-07-20 21:14:13,48.9329,-125.5528,65.62,71,8,4.38
276,Fortuna,US,2022-07-20 21:14:14,40.5982,-124.1573,68.86,70,36,7.81
277,Quincy,US,2022-07-20 21:10:33,42.2529,-71.0023,99.14,47,20,11.5
278,Inhambane,MZ,2022-07-20 21:15:15,-23.865,35.3833,68.14,83,0,7.18
279,Hirara,JP,2022-07-20 21:15:15,24.8,125.2833,85.19,80,79,12.75
280,Alyangula,AU,2022-07-20 21:15:16,-13.8483,136.4192,67.51,83,36,10.09
281,Kaka,TM,2022-07-20 21:15:16,37.3482,59.6143,88.65,14,0,8.28
282,Kodiak,US,2022-07-20 21:13:45,57.79,-152.4072,54.91,82,0,8.05
283,Bac Lieu,VN,2022-07-20 21:15:17,9.285,105.7244,79.34,83,100,9.24
284,Adrar,MR,2022-07-20 21:13:44,20.5022,-10.0711,95.85,18,19,11.54
285,Avon Park,US,2022-07-20 21:15:19,27.5959,-81.5062,96.8,46,2,8.99
286,Nampula,MZ,2022-07-20 21:15:19,-15.1165,39.2666,64.35,88,0,4.61
287,Vila Velha,BR,2022-07-20 21:12:41,-20.3297,-40.2925,73.35,81,0,9.22
288,Sanandaj,IR,2022-07-20 21:15:20,35.3144,46.9923,78.82,21,0,4.61
289,Miandrivazo,MG,2022-07-20 21:15:21,-19.5167,45.4667,74.48,48,98,6.31
290,Eyl,SO,2022-07-20 21:15:21,7.9803,49.8164,74.59,83,44,17.38
291,Dingle,PH,2022-07-20 21:11:00,10.9995,122.6711,76.53,88,73,1.79
292,Flinders,AU,2022-07-20 21:15:22,-34.5833,150.8552,51.19,94,100,4.0
293,Talara,PE,2022-07-20 21:15:11,-4.5772,-81.2719,72.36,68,40,11.5
294,Bure,ET,2022-07-20 21:15:23,10.7,37.0667,55.69,99,100,0.67
295,Ilulissat,GL,2022-07-20 21:15:23,69.2167,-51.1,60.82,39,75,8.05
296,Mayumba,GA,2022-07-20 21:15:24,-3.432,10.6554,70.32,93,87,7.25
297,Tamworth,GB,2022-07-20 21:13:16,52.634,-1.6959,65.52,72,98,5.01
298,Aswan,EG,2022-07-20 21:15:24,24.0934,32.907,92.52,20,1,14.85
299,Kautokeino,NO,2022-07-20 21:14:59,69.0125,23.0412,57.09,80,100,10.65
300,Deputatskiy,RU,2022-07-20 21:15:25,69.3,139.9,36.66,92,91,4.65
301,Bintulu,MY,2022-07-20 21:15:26,3.1667,113.0333,77.41,100,40,2.3
302,Maniitsoq,GL,2022-07-20 21:15:26,65.4167,-52.9,45.41,98,100,16.67
303,Ramsar,IR,2022-07-20 21:15:27,36.9226,50.6426,78.24,83,40,4.61
304,Pundaguitan,PH,2022-07-20 21:15:27,6.3711,126.1689,81.88,74,80,1.32
305,Mana,GF,2022-07-20 21:15:28,5.6592,-53.7767,80.38,78,7,9.04
306,Sioux Lookout,CA,2022-07-20 21:11:34,50.1001,-91.917,82.33,35,43,12.95
307,Praia,CV,2022-07-20 21:15:29,14.9215,-23.5087,79.34,78,75,8.05
308,Ixtapa,MX,2022-07-20 21:15:29,20.7,-105.2,90.23,70,100,9.22
309,Egvekinot,RU,2022-07-20 21:15:30,66.3167,-179.1667,37.54,61,66,7.76
310,Muisne,EC,2022-07-20 21:15:32,0.6,-80.0333,75.2,82,97,11.27
311,Longkou,CN,2022-07-20 21:15:33,37.6508,120.3286,71.64,85,100,4.59
312,Mago,RU,2022-07-20 21:15:33,53.2514,140.1822,60.62,79,93,4.74
313,Chester,US,2022-07-20 21:15:34,40.1254,-75.8749,92.52,60,0,5.75
314,Pokrovsk,UA,2022-07-20 21:15:34,48.282,37.1758,59.34,93,89,3.18
315,Kaitangata,NZ,2022-07-20 21:15:35,-46.2817,169.8464,41.16,82,100,6.44
316,Saint-Francois,FR,2022-07-20 21:10:51,46.4154,3.9054,67.44,73,0,3.44
317,Halifax,CA,2022-07-20 21:15:36,44.6453,-63.5724,82.49,44,20,17.27
318,Sinnamary,GF,2022-07-20 21:15:36,5.3833,-52.95,80.01,77,6,8.14
319,Santa Ana,US,2022-07-20 21:15:34,33.7456,-117.8678,102.42,43,75,10.36
320,Noumea,NC,2022-07-20 21:15:37,-22.2763,166.4572,75.0,99,99,8.7
321,Korem,ET,2022-07-20 21:15:37,12.5058,39.5228,55.83,86,100,8.12
322,Daru,PG,2022-07-20 21:15:38,-9.0763,143.2092,75.81,92,100,10.02
323,Faya,SA,2022-07-20 21:15:38,18.3851,42.4509,66.72,61,100,7.05
324,Saint-Augustin,CA,2022-07-20 21:15:38,51.226,-58.6502,56.66,88,100,15.43
325,Lukovetskiy,RU,2022-07-20 21:15:39,64.2956,41.9211,60.84,82,43,4.09
326,Brakel,DE,2022-07-20 21:16:39,51.7167,9.1833,81.25,57,83,3.0
327,Sopotnica,MK,2022-07-20 21:16:40,41.2947,21.155,64.31,43,0,4.36
328,Oksfjord,NO,2022-07-20 21:16:41,70.2396,22.3479,62.67,78,92,5.84
329,Chumikan,RU,2022-07-20 21:16:41,54.7183,135.315,52.14,100,100,4.56
330,Sosnovo-Ozerskoye,RU,2022-07-20 21:16:42,52.5249,111.5418,48.83,95,1,7.09
331,Ramos Arizpe,MX,2022-07-20 21:16:42,25.55,-100.9667,92.95,33,75,9.22
332,Jacareacanga,BR,2022-07-20 21:16:43,-6.2222,-57.7528,90.36,38,28,3.44
333,Shingu,JP,2022-07-20 21:16:37,33.7333,135.9833,75.72,75,99,5.08
334,Novo Aripuana,BR,2022-07-20 21:16:43,-5.1206,-60.3797,90.59,42,20,0.98
335,Te Anau,NZ,2022-07-20 21:16:44,-45.4167,167.7167,38.7,93,97,2.93
336,Daultala,PK,2022-07-20 21:16:44,33.1925,73.1413,77.63,89,100,13.31
337,Ketchikan,US,2022-07-20 21:13:55,55.3422,-131.6461,61.27,63,75,11.5
338,Semarang,ID,2022-07-20 21:16:45,-6.9932,110.4203,75.13,88,40,2.3
339,Ezeris,RO,2022-07-20 21:16:46,45.4108,21.8858,70.41,45,0,3.56
340,Kungurtug,RU,2022-07-20 21:16:46,50.5994,97.5228,46.58,80,100,0.69
341,Norman Wells,CA,2022-07-20 21:16:46,65.282,-126.8329,75.24,31,75,6.91
342,Samarai,PG,2022-07-20 21:16:47,-10.6167,150.6667,80.17,80,16,10.09
343,Warrnambool,AU,2022-07-20 21:16:47,-38.3833,142.4833,41.81,81,0,9.01
344,Aksarka,RU,2022-07-20 21:16:48,66.5606,67.7975,56.57,69,100,7.7
345,Solnechnyy,RU,2022-07-20 21:16:48,50.7214,136.6319,58.57,95,100,5.06
346,Sisimiut,GL,2022-07-20 21:16:49,66.9395,-53.6735,49.89,75,100,9.28
347,Mwense,ZM,2022-07-20 21:16:49,-10.3845,28.698,71.73,40,83,5.06
348,Kaihua,CN,2022-07-20 21:16:49,23.3687,104.28,66.54,98,100,3.94
349,Storforshei,NO,2022-07-20 21:16:50,66.4043,14.5233,56.66,93,100,3.44
350,Santa Cruz Del Sur,CU,2022-07-20 21:16:50,20.7147,-77.9956,88.27,55,100,7.11
351,Okhotsk,RU,2022-07-20 21:16:51,59.3833,143.3,59.31,93,100,4.27
352,Fort Nelson,CA,2022-07-20 21:15:30,58.8053,-122.7002,74.79,33,40,2.3
353,Nenjiang,CN,2022-07-20 21:16:51,49.1833,125.2167,66.88,89,2,2.17
354,Dalvik,IS,2022-07-20 21:16:52,65.9702,-18.5286,48.13,91,100,3.62
355,Atambua,ID,2022-07-20 21:16:52,-9.1061,124.8925,70.0,90,100,4.92
356,Kabelvag,NO,2022-07-20 21:16:53,68.2114,14.4817,59.02,95,99,13.2
357,Iqaluit,CA,2022-07-20 21:16:53,63.7506,-68.5145,47.93,87,75,3.44
358,Zhigansk,RU,2022-07-20 21:16:53,66.7697,123.3711,50.09,67,99,14.9
359,Shelburne,CA,2022-07-20 21:16:54,44.0787,-80.2041,82.85,53,100,20.54
360,Karaton,ID,2022-07-20 21:16:54,-6.3424,106.1045,72.14,94,29,1.99
361,Srednekolymsk,RU,2022-07-20 21:16:55,67.45,153.6833,46.22,72,100,7.74
362,Kuusamo,FI,2022-07-20 21:16:55,65.9667,29.1833,53.64,94,75,5.75
363,Portage,US,2022-07-20 21:12:26,41.1667,-81.1998,90.01,58,40,11.5
364,Rio Grande,BR,2022-07-20 21:13:23,-32.035,-52.0986,62.71,90,0,10.63
365,Kupang,ID,2022-07-20 21:16:56,-10.1667,123.5833,74.23,87,93,9.17
366,Mumford,GH,2022-07-20 21:16:56,5.2618,-0.759,73.92,76,1,10.49
367,Katherine,AU,2022-07-20 21:16:56,-14.4667,132.2667,57.52,58,45,4.61
368,Horizontina,BR,2022-07-20 21:16:57,-27.6258,-54.3078,69.35,88,25,4.38
369,Carauari,BR,2022-07-20 21:16:57,-4.8828,-66.8958,82.6,62,97,0.49
370,Newnan,US,2022-07-20 21:16:13,33.3807,-84.7997,92.23,64,40,6.91
371,Pevek,RU,2022-07-20 21:17:58,69.7008,170.3133,31.69,90,98,15.21
372,Cidreira,BR,2022-07-20 21:17:58,-30.1811,-50.2056,61.57,91,0,15.73
373,Sohag,EG,2022-07-20 21:17:59,26.557,31.6948,88.11,21,7,9.04
374,Gurlan,UZ,2022-07-20 21:17:59,41.8447,60.3919,85.91,20,0,12.26
375,Naters,CH,2022-07-20 21:18:00,46.3254,7.9891,76.8,86,99,1.81
376,San Luis,AR,2022-07-20 21:18:00,-33.295,-66.3356,62.33,35,0,10.47
377,Caravelas,BR,2022-07-20 21:18:00,-17.7125,-39.2481,71.44,77,2,6.64
378,Lindas,NO,2022-07-20 21:18:01,60.7381,5.16,64.72,98,100,5.3
379,General Roca,AR,2022-07-20 21:18:01,-39.0333,-67.5833,68.63,36,5,32.95
380,Pisco,PE,2022-07-20 21:18:02,-13.7,-76.2167,61.02,88,100,6.91
381,Ust-Ishim,RU,2022-07-20 21:18:02,57.6935,71.1665,56.98,96,36,2.59
382,San Francisco,US,2022-07-20 21:14:35,37.7749,-122.4194,94.03,71,20,20.71
383,Vila,PT,2022-07-20 21:18:04,42.0304,-8.1588,68.7,61,0,5.03
384,Bonthe,SL,2022-07-20 21:16:29,7.5264,-12.505,74.48,91,100,10.54
385,Corsicana,US,2022-07-20 21:15:18,32.0954,-96.4689,106.16,31,0,10.27
386,Puerto Lempira,HN,2022-07-20 21:18:05,15.2667,-83.7667,87.94,66,20,8.05
387,Hope,US,2022-07-20 21:15:31,33.6671,-93.5916,102.25,27,96,7.61
388,Thanh Hoa,VN,2022-07-20 21:18:05,19.8,105.7667,77.74,91,100,0.76
389,Wilmington,US,2022-07-20 21:14:24,34.2257,-77.9447,89.51,75,40,13.8
390,Teya,RU,2022-07-20 21:18:06,60.3778,92.6267,49.37,97,65,4.21
391,Yagodnoye,RU,2022-07-20 21:18:06,62.55,149.6667,50.4,89,100,4.32
392,Pontianak,ID,2022-07-20 21:18:07,-0.0333,109.3333,76.98,100,75,1.14
393,Abnub,EG,2022-07-20 21:18:07,27.2696,31.1511,87.64,22,5,8.59
394,Praia Da Vitoria,PT,2022-07-20 21:14:37,38.7333,-27.0667,73.76,90,77,3.98
395,Hofn,IS,2022-07-20 21:18:09,64.2539,-15.2082,52.61,74,100,6.02
396,Palatka,US,2022-07-20 21:14:35,29.6486,-81.6376,88.43,47,85,4.7
397,Kyren,RU,2022-07-20 21:18:10,51.6828,102.1408,53.56,82,100,0.89
398,Solton,RU,2022-07-20 21:18:10,52.8429,86.4787,53.94,78,97,3.38
399,Salinopolis,BR,2022-07-20 21:18:11,-0.6136,-47.3561,78.87,84,45,8.41
400,Huai Yot,TH,2022-07-20 21:18:12,7.7893,99.6348,72.93,99,100,1.59
401,Ahipara,NZ,2022-07-20 21:18:12,-35.1667,173.1667,54.82,77,68,18.7
402,Kwinana,AU,2022-07-20 21:18:13,-32.25,115.7667,60.35,92,100,18.01
403,Nuuk,GL,2022-07-20 21:18:13,64.1835,-51.7216,56.01,76,100,26.46
404,Acarau,BR,2022-07-20 21:18:14,-2.8856,-40.12,78.8,72,81,14.05
405,Oranjemund,NA,2022-07-20 21:18:14,-28.55,16.4333,53.37,80,57,17.27
406,Shitanjing,CN,2022-07-20 21:18:15,39.2342,106.3439,68.92,46,25,7.72
407,Alofi,NU,2022-07-20 21:18:15,-19.0595,-169.9187,76.89,73,75,9.22
408,Abalak,RU,2022-07-20 21:18:16,58.1286,68.5944,59.52,94,100,0.07
409,North Bend,US,2022-07-20 21:18:16,43.4065,-124.2243,76.24,86,100,12.66
410,Acapulco,MX,2022-07-20 21:18:17,16.8634,-99.8901,87.62,74,75,4.61
411,Cruz Grande,MX,2022-07-20 21:18:17,16.7333,-99.1333,89.37,59,65,7.56
412,Ewa Beach,US,2022-07-20 21:18:18,21.3156,-158.0072,84.15,58,75,18.41
413,Vladila,RO,2022-07-20 21:18:18,44.0,24.4,75.15,30,0,7.4
414,Balkhash,KZ,2022-07-20 21:18:19,46.844,74.9804,74.37,45,0,9.89
415,Kavaratti,IN,2022-07-20 21:18:19,10.5669,72.642,81.16,79,100,18.88
416,Atar,MR,2022-07-20 21:19:19,20.5169,-13.0499,97.95,10,44,2.06
417,Sao Gabriel Da Cachoeira,BR,2022-07-20 21:19:20,-0.1303,-67.0892,78.8,80,87,1.59
418,Jardim,BR,2022-07-20 21:17:02,-21.4803,-56.1381,82.81,24,5,4.36
419,Pangody,RU,2022-07-20 21:19:20,65.85,74.4859,54.1,57,100,11.1
420,Klaksvik,FO,2022-07-20 21:19:21,62.2266,-6.589,49.12,91,98,19.15
421,Bogashevo,RU,2022-07-20 21:19:21,56.3683,85.1447,57.04,100,20,2.24
422,Chalchihuites,MX,2022-07-20 21:19:22,23.4833,-103.8833,83.03,22,80,5.84
423,Muravlenko,RU,2022-07-20 21:19:22,63.7898,74.523,56.25,64,52,8.84
424,Pontivy,FR,2022-07-20 21:19:23,48.0,-3.0,66.78,91,67,8.39
425,Acajutla,SV,2022-07-20 21:19:23,13.5928,-89.8275,87.08,60,95,5.75
426,Biltine,TD,2022-07-20 21:19:24,14.5333,20.9167,77.05,69,100,27.07
427,Pangai,TO,2022-07-20 21:19:24,-19.8,-174.35,77.11,94,75,17.27
428,Loubomo,CG,2022-07-20 21:19:25,-4.1997,12.6739,70.34,81,84,4.65
429,Konya,TR,2022-07-20 21:19:25,38.1667,32.5,63.88,57,0,7.25
430,Kavieng,PG,2022-07-20 21:19:25,-2.5744,150.7967,81.16,79,90,11.01
431,Alikalia,SL,2022-07-20 21:19:26,9.1667,-11.4,69.37,99,100,2.55
432,Havre-Saint-Pierre,CA,2022-07-20 21:19:26,50.2334,-63.5986,75.56,60,100,11.5
433,Wejherowo,PL,2022-07-20 21:19:27,54.6057,18.2356,70.38,72,0,7.09
434,Ushtobe,KZ,2022-07-20 21:19:27,45.2514,77.9838,68.31,26,0,6.87
435,Talnakh,RU,2022-07-20 21:19:28,69.4865,88.3972,52.21,71,100,5.84
436,Kangaba,ML,2022-07-20 21:19:29,11.9333,-8.4167,73.56,93,100,2.77
437,Spartanburg,US,2022-07-20 21:16:36,34.9496,-81.9321,90.59,69,40,9.22
438,Korla,CN,2022-07-20 21:19:29,41.7597,86.1469,67.69,49,0,2.86
439,Pilar,BR,2022-07-20 21:19:30,-9.5972,-35.9567,73.33,94,49,6.02
440,Denpasar,ID,2022-07-20 21:17:14,-8.65,115.2167,78.46,83,40,9.22
441,Zakharovo,RU,2022-07-20 21:19:30,54.366,39.2792,52.97,95,13,5.79
442,Plettenberg Bay,ZA,2022-07-20 21:19:31,-34.0527,23.3716,53.58,87,52,4.0
443,Pyaozerskiy,RU,2022-07-20 21:19:31,65.8333,31.1667,60.48,91,100,5.7
444,Wajir,KE,2022-07-20 21:19:32,1.7471,40.0573,74.98,42,100,16.84
445,Dois Irmaos,BR,2022-07-20 21:19:32,-29.5803,-51.0853,70.81,94,0,1.57
446,Itarema,BR,2022-07-20 21:15:35,-2.9248,-39.9167,78.46,73,70,14.83
447,Mossendjo,CG,2022-07-20 21:19:33,-2.9506,12.7261,69.58,81,97,2.59
448,Yar-Sale,RU,2022-07-20 21:19:33,66.8333,70.8333,49.33,78,3,10.65
449,Bida,NG,2022-07-20 21:19:33,9.0833,6.0167,77.74,65,100,2.26
450,Heihe,CN,2022-07-20 21:19:34,50.2441,127.4902,61.38,88,9,3.76
451,San Juan,AR,2022-07-20 21:19:18,-31.5375,-68.5364,66.63,19,0,8.03
452,Middle Island,US,2022-07-20 21:19:36,40.8843,-72.9373,95.88,62,0,13.8
453,Asau,RO,2022-07-20 21:19:36,46.4333,26.4,70.72,58,23,5.21
454,Vostok,RU,2022-07-20 21:19:37,46.4856,135.8833,61.11,97,12,2.01
455,Nizhniy Kuranakh,RU,2022-07-20 21:19:37,58.8353,125.4869,61.93,90,0,2.13
456,Araguaina,BR,2022-07-20 21:19:38,-7.1911,-48.2072,86.7,29,4,4.43
457,Lisakovsk,KZ,2022-07-20 21:19:38,52.5369,62.4936,62.62,78,14,7.11
458,Buriti,BR,2022-07-20 21:20:39,-22.9302,-45.3881,73.17,64,20,8.05
459,Aleksandrov Gay,RU,2022-07-20 21:20:39,50.147,48.5704,69.76,42,27,7.72
460,Nome,US,2022-07-20 21:20:39,64.5011,-165.4064,46.47,93,100,16.11
461,Broken Hill,AU,2022-07-20 21:16:34,-31.95,141.4333,47.79,93,99,14.27
462,Sattahip,TH,2022-07-20 21:20:40,12.6664,100.9007,79.99,94,75,6.91
463,Terre-De-Bas,GP,2022-07-20 21:20:40,15.8501,-61.6442,78.58,80,28,17.11
464,Elizabeth City,US,2022-07-20 21:20:41,36.2946,-76.2511,93.22,63,0,12.66
465,Gorban,RO,2022-07-20 21:20:41,46.8761,28.0789,75.81,51,9,7.56
466,Holiday,US,2022-07-20 21:20:42,28.1878,-82.7395,93.24,69,1,7.0
467,Honavar,IN,2022-07-20 21:20:42,14.2833,74.45,77.77,89,76,7.54
468,Monteria,CO,2022-07-20 21:20:42,8.748,-75.8814,85.8,78,100,7.31
469,Port Augusta,AU,2022-07-20 21:19:27,-32.5,137.7667,39.99,86,0,4.88
470,Bone,DE,2022-07-20 21:20:43,51.9669,12.1396,85.24,41,9,10.74
471,Vestmannaeyjar,IS,2022-07-20 21:20:43,63.4427,-20.2734,54.79,78,60,14.54
472,Murgab,TM,2022-07-20 21:20:44,37.4966,61.9714,84.07,28,0,6.91
473,Cayenne,GF,2022-07-20 21:20:44,4.9333,-52.3333,84.24,1,75,9.22
474,Yantarnyy,RU,2022-07-20 21:20:45,54.8717,19.9381,63.75,71,4,10.18
475,Iranshahr,IR,2022-07-20 21:20:45,27.2025,60.6848,93.54,52,0,11.5
476,Miraflores,MX,2022-07-20 21:20:45,19.2167,-98.8083,80.02,35,78,1.16
477,Yerbogachen,RU,2022-07-20 21:20:46,61.2767,108.0108,52.99,95,100,3.38
478,Tabou,CI,2022-07-20 21:20:46,4.423,-7.3528,75.49,72,99,7.96
479,Siderno,IT,2022-07-20 21:20:47,38.2779,16.302,77.34,56,0,6.98
480,Puerto Escondido,MX,2022-07-20 21:20:47,15.85,-97.0667,88.63,58,40,2.3
481,Lethem,GY,2022-07-20 21:20:48,3.3803,-59.7968,86.05,74,20,13.8
482,Hualmay,PE,2022-07-20 21:20:48,-11.0964,-77.6139,65.39,73,38,10.71
483,Dayong,CN,2022-07-20 21:20:49,25.0209,118.2898,78.12,93,51,1.9
484,Kasempa,ZM,2022-07-20 21:20:49,-13.4584,25.8338,64.51,49,54,7.47
485,Sangar,RU,2022-07-20 21:20:49,63.9242,127.4739,62.08,93,100,3.09
486,Kitsuki,JP,2022-07-20 21:20:50,33.4167,131.6167,76.87,93,90,2.26
487,Codrington,AU,2022-07-20 21:20:50,-38.2667,141.9667,37.76,83,0,7.87
488,Carbonia,IT,2022-07-20 21:20:51,39.1672,8.5222,81.01,61,0,1.97
489,Tonantins,BR,2022-07-20 21:20:51,-2.8731,-67.8022,78.62,95,76,0.72
490,San Isidro,PE,2022-07-20 21:20:51,-12.1167,-77.05,60.39,77,100,9.22
491,Poso,ID,2022-07-20 21:20:52,-1.3959,120.7524,76.37,84,9,3.96
492,Quesnel,CA,2022-07-20 21:17:59,52.9999,-122.5029,82.42,30,0,4.88
493,La Rioja,ES,2022-07-20 21:16:08,42.25,-2.5,64.18,76,0,3.83
494,Grindavik,IS,2022-07-20 21:20:53,63.8424,-22.4338,53.55,87,40,16.11
495,Dunedin,NZ,2022-07-20 21:20:53,-45.8742,170.5036,42.8,74,100,15.99
496,Batticaloa,LK,2022-07-20 21:20:53,7.7102,81.6924,80.15,83,54,5.28
497,Santa Maria,BR,2022-07-20 21:20:54,-29.6842,-53.8069,61.9,88,0,4.61
498,Cunha,BR,2022-07-20 21:20:54,-23.0744,-44.9597,68.74,97,66,4.68
499,Killybegs,IE,2022-07-20 21:20:55,54.6333,-8.45,56.91,74,100,6.69
500,Estelle,US,2022-07-20 21:20:55,29.8458,-90.1067,97.0,55,75,17.27
501,Tarpon Springs,US,2022-07-20 21:20:55,28.1461,-82.7568,93.22,69,0,11.5
502,Ojinaga,MX,2022-07-20 21:20:56,29.5667,-104.4167,112.57,21,0,0.0
503,Baruun-Urt,MN,2022-07-20 21:20:56,46.6806,113.2792,65.48,58,21,6.6
504,Jingdezhen,CN,2022-07-20 21:20:57,29.2947,117.2079,79.9,90,100,1.99
505,Monrovia,LR,2022-07-20 21:20:57,6.3005,-10.7969,76.77,80,100,12.86
506,Mahon,ES,2022-07-20 21:21:58,39.8885,4.2658,81.16,74,0,8.05
507,Ipixuna,BR,2022-07-20 21:21:58,-1.7625,-48.8043,81.39,72,79,4.7
508,Nakasongola,UG,2022-07-20 21:21:59,1.3089,32.4564,64.78,63,55,3.04
509,Synya,RU,2022-07-20 21:21:59,65.3718,58.0387,58.23,71,21,4.12
510,Devanhalli,IN,2022-07-20 21:21:59,13.2325,77.6992,71.83,100,40,5.75
511,Chernyshevskiy,RU,2022-07-20 21:22:00,63.0128,112.4714,52.41,94,100,2.19
512,Tarko-Sale,RU,2022-07-20 21:22:00,64.9225,77.785,54.27,62,100,11.05
513,Marigot,MF,2022-07-20 21:22:01,18.0667,-63.0833,84.29,74,20,17.27
514,Buala,SB,2022-07-20 21:22:01,-8.145,159.5921,80.78,79,100,6.33
515,Ginir,ET,2022-07-20 21:22:02,7.1333,40.7,57.85,81,100,8.48
516,Humberto De Campos,BR,2022-07-20 21:22:02,-2.5983,-43.4611,77.63,81,45,5.23
517,Loandjili,CG,2022-07-20 21:22:02,-4.7561,11.8578,72.55,82,100,6.62
518,Salaga,GH,2022-07-20 21:22:03,8.5508,-0.5188,75.42,71,80,6.96
519,Walvis Bay,NA,2022-07-20 21:22:03,-22.9575,14.5053,55.09,82,0,4.61
520,Zhuhai,CN,2022-07-20 21:22:04,22.2769,113.5678,85.78,89,20,10.36
521,Zatoka,UA,2022-07-20 21:22:04,46.0725,30.4654,75.38,65,53,14.18
522,Vardo,NO,2022-07-20 21:22:04,70.3705,31.1107,51.78,93,100,2.3
523,Bud,US,2022-07-20 21:22:05,39.447,-86.1758,93.92,63,4,14.74
524,Malaya Serdoba,RU,2022-07-20 21:22:05,52.4661,44.9512,62.35,68,99,9.55
525,Yarada,IN,2022-07-20 21:22:06,17.65,83.2667,84.52,89,75,6.91
526,Coquimbo,CL,2022-07-20 21:22:06,-29.9533,-71.3436,55.13,82,100,2.3
527,Atlantic Beach,US,2022-07-20 21:22:07,30.3344,-81.3987,88.02,89,40,8.05
528,Abu Kamal,SY,2022-07-20 21:22:07,34.4506,40.9171,94.42,17,0,9.19
529,Mandan,US,2022-07-20 21:22:08,46.8267,-100.8896,93.18,42,0,20.71
530,Dir,PK,2022-07-20 21:22:08,35.2058,71.8756,74.88,88,34,1.52
531,Benghazi,LY,2022-07-20 21:22:08,32.1167,20.0667,77.95,66,0,11.27
532,Berekum,GH,2022-07-20 21:22:09,7.4534,-2.584,70.97,81,93,6.87
533,Moose Factory,CA,2022-07-20 21:22:09,51.2585,-80.6094,69.8,83,100,13.8
534,Saint Anthony,US,2022-07-20 21:22:10,45.0205,-93.218,89.22,34,0,25.32
535,Cururupu,BR,2022-07-20 21:22:10,-1.8283,-44.8683,75.83,90,78,3.6
536,Manzhouli,CN,2022-07-20 21:22:10,49.6,117.4333,66.24,64,90,1.88
537,Sorland,NO,2022-07-20 21:22:11,67.667,12.6934,53.46,86,98,20.76
538,Oak Ridge,US,2022-07-20 21:21:32,36.0104,-84.2696,92.3,67,57,1.99
539,Coahuayana,MX,2022-07-20 21:22:11,18.7333,-103.6833,94.5,51,55,7.29
540,Rawson,AR,2022-07-20 21:22:12,-43.3002,-65.1023,48.72,47,100,23.53
541,Orange Walk,BZ,2022-07-20 21:22:12,17.8333,-88.8333,88.68,61,79,3.15
542,Iquique,CL,2022-07-20 21:22:01,-20.2208,-70.1431,59.04,74,99,2.04
543,Takoradi,GH,2022-07-20 21:22:13,4.8845,-1.7554,73.71,71,57,7.31
544,Mabaruma,GY,2022-07-20 21:22:13,8.2,-59.7833,77.81,95,100,2.57
545,Shenjiamen,CN,2022-07-20 21:22:13,29.9576,122.298,78.08,95,56,5.99
546,Cap Malheureux,MU,2022-07-20 21:22:14,-19.9842,57.6142,66.47,74,93,5.99
547,Lorengau,PG,2022-07-20 21:22:14,-2.0226,147.2712,79.75,79,94,3.65
548,Roebourne,AU,2022-07-20 21:22:15,-20.7833,117.1333,65.77,57,2,5.1
549,Clarence Town,AU,2022-07-20 21:22:15,-32.5833,151.7833,60.85,88,94,1.95
550,Sal Rei,CV,2022-07-20 21:22:16,16.1833,-22.9167,75.92,84,59,7.65
551,Shieli,KZ,2022-07-20 21:22:16,44.1667,66.75,88.54,20,0,5.46
552,Tocopilla,CL,2022-07-20 21:22:17,-22.092,-70.1979,63.18,73,95,5.64
553,Pimenta Bueno,BR,2022-07-20 21:23:18,-11.6725,-61.1936,90.48,26,29,0.49
554,Fonte Boa,BR,2022-07-20 21:23:18,-2.4959,-66.2662,79.57,94,54,0.18
555,Union,US,2022-07-20 21:23:18,40.6334,-74.2663,99.21,43,75,10.36
556,Rethimnon,GR,2022-07-20 21:23:19,35.3647,24.4714,73.02,66,0,6.08
557,Almeria,ES,2022-07-20 21:23:19,37.1667,-2.3333,76.44,57,0,4.29
558,Cam Ranh,VN,2022-07-20 21:23:20,11.9214,109.1591,76.96,88,75,0.0
559,Utkivka,UA,2022-07-20 21:23:20,49.7858,36.0753,57.31,93,36,12.12
560,Hobyo,SO,2022-07-20 21:23:21,5.3505,48.5268,75.63,79,25,25.66
561,Villa Bruzual,VE,2022-07-20 21:23:21,9.3328,-69.1208,79.05,89,67,2.19
562,Fukue,JP,2022-07-20 21:23:21,32.6881,128.8419,80.91,92,100,17.13
563,Chara,RU,2022-07-20 21:23:22,56.9064,118.2631,61.47,95,100,1.66
564,Viedma,AR,2022-07-20 21:23:22,-40.8135,-62.9967,63.99,42,82,24.81
565,Odoyev,RU,2022-07-20 21:23:23,53.9393,36.6864,53.38,95,69,10.16
566,Sakhipur,BD,2022-07-20 21:23:23,24.3,90.1833,78.55,94,100,6.87
567,Zaysan,KZ,2022-07-20 21:23:23,47.4667,84.8667,63.84,38,72,8.7
568,Sandy Bay,AU,2022-07-20 21:23:24,-42.913,147.3532,35.29,94,0,5.75
